name,xTB_SPE,pred_SPE,std
BAPJBEWLBFYGME_25_0_0,-19.637336,-306.48750325055795,0.0007108952712160623
BAPJBEWLBFYGME_4_1_0,-19.577782,-306.4250169602442,0.0033066509335064943
BAPJBEWLBFYGME_5_0_0,-19.586289,-306.4582159236961,0.0022657397934944742
JQQGJTHDBODIPT_10_2_2,-21.463753,-343.5114707874069,0.004411839618712019
JQQGJTHDBODIPT_14_0_0,-21.463510000000003,-343.5115596355682,0.0031583423006483237
JQQGJTHDBODIPT_17_0_0,-21.450237,-343.5081215427605,0.004296964137670411
JQQGJTHDBODIPT_1_0_0,-21.463454,-343.5211510745111,0.0019916043077438366
JQQGJTHDBODIPT_1_0_1,-21.471741,-343.5221844798728,0.0035942409972030565
JQQGJTHDBODIPT_25_0_0,-21.496639,-343.51481917535847,0.004513341530482382
JQQGJTHDBODIPT_26_0_1,-21.462032,-343.5082788302809,0.0029572801442769676
JQQGJTHDBODIPT_31_0_0,-21.463453,-343.5211498356269,0.0019916507757451953
JQQGJTHDBODIPT_5_0_0,-21.482044,-343.52903331544553,0.004487237105957536
KYKDRUWGNWYQSD_15_0_0,-21.518746,-343.5658548650171,0.001665396189594158
KYKDRUWGNWYQSD_15_0_3,-21.522601,-343.57146854610346,0.002513008928108987
KYKDRUWGNWYQSD_15_1_2,-21.516585,-343.5741422407921,0.0017660903367538471
KYKDRUWGNWYQSD_18_0_0,-21.48772,-343.53408823522165,0.002729809145876347
KYKDRUWGNWYQSD_23_0_0,-21.446002,-343.4798169041869,0.005385570194366814
KYKDRUWGNWYQSD_25_0_1,-21.514611,-343.55375237530376,0.0023908687694289875
KYKDRUWGNWYQSD_27_0_1,-21.460143,-343.4998307015243,0.005480261929026095
KYKDRUWGNWYQSD_2_1_2,-21.453463000000003,-343.50711742842014,0.005835988316125986
KYKDRUWGNWYQSD_8_1_3,-21.48772,-343.5340875547741,0.0027298295965695932
MFKZDADVASPENT_10_0_1,-21.481115,-343.5438458699419,0.001712995133730733
MFKZDADVASPENT_11_1_1,-21.448621,-343.5040540693791,0.003032043241033165
MFKZDADVASPENT_14_0_1,-21.382102,-343.4388329958511,0.00266606816234558
MFKZDADVASPENT_19_0_0,-21.488743000000003,-343.5352441027642,0.002767280363931581
MFKZDADVASPENT_19_0_1,-21.484948,-343.53536508572535,0.0019097135527048037
MFKZDADVASPENT_23_0_2,-21.472735,-343.5342392092628,0.0031850844342659105
MFKZDADVASPENT_25_0_0,-21.471705,-343.52253011665533,0.006645453677692662
MFKZDADVASPENT_26_0_0,-21.455587,-343.5004792474403,0.0029464865474278534
MFKZDADVASPENT_27_0_0,-21.464026,-343.5184287677039,0.001602903958303887
MFKZDADVASPENT_27_0_1,-21.463539,-343.5168533060399,0.002002263399876042
MFKZDADVASPENT_27_0_2,-21.464248,-343.51709833143593,0.0021633303647433967
MFKZDADVASPENT_30_0_0,-21.455317,-343.50623056511694,0.004131727155268095
MFKZDADVASPENT_35_0_0,-21.427011,-343.4547908240655,0.002917572606053844
MFKZDADVASPENT_37_0_2,-21.455842,-343.5110603313645,0.007296714399742686
MFKZDADVASPENT_38_0_0,-21.456647,-343.5209548362569,0.0026395545971410277
MFKZDADVASPENT_4_0_1,-21.466781,-343.51659345440436,0.0030571551583219877
MFKZDADVASPENT_5_0_0,-21.467887,-343.5237842024825,0.003152595880334278
MQZTXKZTLDDYNK_15_1_1,-21.590322,-343.6387636874475,0.001466921208456282
MQZTXKZTLDDYNK_15_1_2,-21.593032,-343.64259274032236,0.0008894390031675615
MQZTXKZTLDDYNK_16_0_1,-21.508612,-343.59879381324936,0.007817787287575081
MQZTXKZTLDDYNK_20_0_3,-21.576297,-343.6229890111445,0.0036539900659123496
MQZTXKZTLDDYNK_22_0_3,-21.513023,-343.5630588997029,0.0013907026319224
MQZTXKZTLDDYNK_25_0_2,-21.491026,-343.5671397578753,0.003846022585379587
MQZTXKZTLDDYNK_26_0_1,-21.516711,-343.5708572651105,0.0014958208148311658
MQZTXKZTLDDYNK_26_0_2,-21.515106,-343.5715212787207,0.0020470931435772185
MQZTXKZTLDDYNK_28_0_0,-21.531549,-343.5864605878763,0.0037798806022605234
MQZTXKZTLDDYNK_2_1_1,-21.549491,-343.6310145207789,0.002646493090908727
MQZTXKZTLDDYNK_2_2_3,-21.505153,-343.5865374924211,0.001987814506896942
MQZTXKZTLDDYNK_30_0_2,-21.520965,-343.57587738479737,0.0035008599703781483
MQZTXKZTLDDYNK_33_0_1,-21.541285,-343.5964391737747,0.004112674663031611
MQZTXKZTLDDYNK_33_0_2,-21.537284,-343.59478070185617,0.003907627966752282
MQZTXKZTLDDYNK_33_0_3,-21.538780000000003,-343.595756895628,0.003528312913164306
MQZTXKZTLDDYNK_37_0_1,-21.557599,-343.6048489466501,0.0045500392166676895
MQZTXKZTLDDYNK_6_0_0,-21.524348,-343.59343869636604,0.002551055385981796
MQZTXKZTLDDYNK_6_1_2,-21.512579,-343.5863649965535,0.005767193030244095
MQZTXKZTLDDYNK_6_1_3,-21.508082,-343.5788912474612,0.0025193030456989113
MQZTXKZTLDDYNK_6_2_2,-21.54997,-343.59750263838356,0.001980353980325631
MQZTXKZTLDDYNK_8_0_3,-21.518683,-343.5921238644145,0.0038154211440547354
UKQJDWBNQNAJHB_10_0_1,-21.556436,-343.62668145003664,0.003983527122560303
UKQJDWBNQNAJHB_10_0_2,-21.543316,-343.62494966963857,0.0034112854374219945
UKQJDWBNQNAJHB_11_1_0,-21.484081,-343.56689251137783,0.004957604091536463
UKQJDWBNQNAJHB_13_0_0,-21.502722,-343.5407681596302,0.0031393842174872602
UKQJDWBNQNAJHB_13_0_1,-21.507087,-343.54760530680113,0.002523901363589468
UKQJDWBNQNAJHB_13_0_2,-21.503172,-343.54156268780656,0.0030239660731356003
UKQJDWBNQNAJHB_14_0_0,-21.526876,-343.6027738512255,0.0033070479586087766
UKQJDWBNQNAJHB_17_0_2,-21.547723,-343.62260277816495,0.002626891724196658
UKQJDWBNQNAJHB_19_0_1,-21.541998,-343.617456164874,0.005786154201766305
UKQJDWBNQNAJHB_25_0_0,-21.549234,-343.6027026629195,0.004908261612548084
UKQJDWBNQNAJHB_25_1_0,-21.610111,-343.65915377252503,0.0012450323208449037
UKQJDWBNQNAJHB_26_0_0,-21.503521,-343.6034434379426,0.004027265078762388
UKQJDWBNQNAJHB_27_0_1,-21.530113,-343.5774438085581,0.00328685950697244
UKQJDWBNQNAJHB_30_0_2,-21.495079,-343.54298928194595,0.004994803577769978
UKQJDWBNQNAJHB_32_0_1,-21.507712,-343.5848815429809,0.0019200175271979025
UKQJDWBNQNAJHB_33_0_0,-21.540029,-343.6229913443075,0.0013565894964530335
UKQJDWBNQNAJHB_33_0_1,-21.53931,-343.6262789520565,0.0019692910185769115
UKQJDWBNQNAJHB_33_0_3,-21.543842,-343.6270771906225,0.005447907911847557
UKQJDWBNQNAJHB_36_0_0,-21.570767,-343.6133046773579,0.004368722717272594
UKQJDWBNQNAJHB_36_0_2,-21.565871,-343.60321636092965,0.005583635311176831
UTLVMFCPERHVKU_10_1_0,-21.414519,-343.48817631175524,0.0024606129081175426
UTLVMFCPERHVKU_12_0_1,-21.509028,-343.56515216317456,0.0011661011176645215
UTLVMFCPERHVKU_12_0_2,-21.508278,-343.5631109729005,0.0014023777975940978
UTLVMFCPERHVKU_12_0_3,-21.513247,-343.5664606276248,0.001335794983953763
UTLVMFCPERHVKU_16_0_1,-21.468549,-343.5380079204737,0.001175150597667166
UTLVMFCPERHVKU_16_0_2,-21.469483,-343.5379785287376,0.0009548794959140025
UTLVMFCPERHVKU_18_0_0,-21.464253,-343.51340396764454,0.0006295079382567126
UTLVMFCPERHVKU_18_0_3,-21.464387,-343.5137682933797,0.000567897428092223
UTLVMFCPERHVKU_22_0_0,-21.458099,-343.507886464866,0.004835037868582553
UTLVMFCPERHVKU_22_0_1,-21.46208,-343.5129793009804,0.0028097902343721163
UTLVMFCPERHVKU_22_0_2,-21.465467,-343.5198689031455,0.0030919667832993093
UTLVMFCPERHVKU_25_0_3,-21.493784,-343.55419378911336,0.0014967258683871714
UTLVMFCPERHVKU_34_1_0,-21.497415,-343.5508409069478,0.0018859049892073177
UTLVMFCPERHVKU_34_1_3,-21.496918,-343.5487449642722,0.0017897802818042311
UTLVMFCPERHVKU_5_0_0,-21.445349,-343.5131791177337,0.002697251525821619
UTLVMFCPERHVKU_5_0_3,-21.445068,-343.512734205077,0.0024284452124759817
XSASRUDTFFBDDK_10_0_0,-21.475926,-343.54248212927865,0.005266929095892116
XSASRUDTFFBDDK_10_0_1,-21.475059,-343.54379520245607,0.004667489230642479
XSASRUDTFFBDDK_10_0_3,-21.475993,-343.5415205046244,0.004588259762048951
XSASRUDTFFBDDK_13_1_0,-21.477220000000003,-343.51910811874484,0.002170745460139556
XSASRUDTFFBDDK_13_2_0,-21.463752,-343.51146650088594,0.004412405675725484
XSASRUDTFFBDDK_21_0_0,-21.486793,-343.5421674091536,0.0028287645561873853
XSASRUDTFFBDDK_24_0_1,-21.443341,-343.49738487440067,0.0020354819631904597
XSASRUDTFFBDDK_24_0_2,-21.44497,-343.4995110971041,0.0019602299639688123
XSASRUDTFFBDDK_24_0_3,-21.441914,-343.494187035422,0.0016804614248990596
XSASRUDTFFBDDK_25_0_3,-21.521487,-343.5696515033229,0.002634031459824978
XSASRUDTFFBDDK_29_0_3,-21.464026,-343.51842816350836,0.0016031924876739611
XSASRUDTFFBDDK_34_1_0,-21.518746,-343.5658592430481,0.0016653864616101642
XSASRUDTFFBDDK_34_1_2,-21.5226,-343.57146596250584,0.002512537565808434
XSASRUDTFFBDDK_36_0_0,-21.466846,-343.53261262629377,0.002791926394376785
XSASRUDTFFBDDK_36_0_1,-21.464897,-343.5448874722604,0.0029266126289471876
XSASRUDTFFBDDK_38_0_0,-21.482914,-343.5277606015165,0.002464733414413428
XSASRUDTFFBDDK_38_0_3,-21.482495,-343.52516965069424,0.0042548193161298
XSASRUDTFFBDDK_5_0_3,-21.439452,-343.5078775594621,0.0035612193097361244
XSASRUDTFFBDDK_6_0_0,-21.43421,-343.5202932669656,0.002189730645823276
XSASRUDTFFBDDK_6_0_1,-21.435186,-343.52147898614106,0.002934767734126693
XSASRUDTFFBDDK_9_0_1,-21.485399,-343.5369173202457,0.0007020390794216301
XSASRUDTFFBDDK_9_0_2,-21.484301,-343.5395595802158,0.0006318721444513039
BDAGIHXWWSANSR_1_0_0,-11.151676,-189.7270712279377,0.003306417701368655
BDAGIHXWWSANSR_3_0_0,-11.168191,-189.7204566819124,0.0026571704346153202
CSCPPACGZOOCGX_2_0_1,-13.327803,-193.01580807805232,0.0012409028616833806
CSCPPACGZOOCGX_5_0_0,-13.425567,-193.126490217802,0.0005626788575307574
GOOHAUXETOMSMM_1_0_1,-13.348897999999998,-193.026773591376,0.004285515844461129
GOOHAUXETOMSMM_3_1_0,-13.407537,-193.09241407280243,0.000678420136736894
GOOHAUXETOMSMM_3_1_1,-13.405614,-193.09337397065627,0.0005224574076937526
GOOHAUXETOMSMM_5_0_0,-13.396215,-193.0879834290015,0.0030377679415367906
GOOHAUXETOMSMM_7_0_0,-13.392172,-193.08065261520062,0.00048645711093150783
ILHIHKRJJMKBEE_1_0_1,-15.25226,-230.1417684800409,0.002577572492446664
ILHIHKRJJMKBEE_5_0_0,-15.279396,-230.17230361063812,0.00031912268565151405
ILHIHKRJJMKBEE_8_0_0,-15.305463,-230.1873851764664,0.0006307682424115643
NBBJYMSMWIIQGU_10_0_0,-13.389012,-193.07439109728864,0.0019640342216915665
NBBJYMSMWIIQGU_4_0_0,-13.327803,-193.0158049398445,0.0012413895392450304
NBBJYMSMWIIQGU_6_0_0,-13.339091,-193.04303330976623,0.00597214894885267
NBBJYMSMWIIQGU_6_0_1,-13.39353,-193.0880799706703,0.0005365868871008129
NBBJYMSMWIIQGU_6_0_2,-13.394726,-193.09061003094482,0.0005583664645755512
NBBJYMSMWIIQGU_8_0_0,-13.415173,-193.11254675649081,0.00028692222214846656
NBBJYMSMWIIQGU_8_0_2,-13.407876,-193.10601662455358,0.0005454737160356484
OKKJL-WSFSS_1_0_0,-15.252259,-230.14176680355146,0.0025772979557994397
OKKJL-WSFSS_2_0_0,-15.319772,-230.22759855619324,0.000614882769886332
OKKJL-WSFSS_2_2_0,-15.369443,-230.27489314502486,0.00020535695918174338
OKKJL-WSFSS_3_0_2,-15.255326,-230.1834740865996,0.0011578389368889276
OKKJL-WSFSS_4_0_3,-15.291477,-230.19976270910735,0.003028445639701198
OKKJL-WSFSS_5_0_0,-15.2961,-230.20086903553127,0.0029396578481580746
OKKJL-WSFSS_5_0_2,-15.299276,-230.20355523250018,0.0004736047174908941
OKKJL-WSFSS_6_0_0,-15.29083,-230.1970029329499,0.003204078623236794
OKKJL-WSFSS_7_0_1,-15.304942,-230.1796689787221,0.0007168533447177568
OKKJL-WSFSS_8_0_0,-15.329908,-230.23164492769376,0.0014868618973187164
DQRVWGKCDJKPAQ_11_0_0,-23.732888,-381.7679890247467,0.003843662247254896
DQRVWGKCDJKPAQ_11_1_0,-23.746364,-381.78842846711746,0.0005399316225479518
DQRVWGKCDJKPAQ_11_1_3,-23.74672,-381.7889793411275,0.0005570503934316999
DQRVWGKCDJKPAQ_16_1_0,-23.712188,-381.742516364075,0.004154217727329423
DQRVWGKCDJKPAQ_16_1_3,-23.69556,-381.7283852297694,0.002414568946227939
DQRVWGKCDJKPAQ_28_0_0,-23.716774,-381.7363804612463,0.0008374407108045434
DQRVWGKCDJKPAQ_29_0_1,-23.686802,-381.71014745793553,0.00212482461033702
DQRVWGKCDJKPAQ_34_0_0,-23.709023,-381.7342481078708,0.0038415469315502405
DQRVWGKCDJKPAQ_35_0_0,-23.716087,-381.7377985614431,0.003426755362067743
DQRVWGKCDJKPAQ_37_0_0,-23.691972,-381.73591162638996,0.0038941095338416954
DQRVWGKCDJKPAQ_38_0_0,-23.699319,-381.7271250822383,0.0031657789793005943
DQRVWGKCDJKPAQ_38_0_2,-23.695875,-381.7244744889199,0.0024825978821901564
DQRVWGKCDJKPAQ_42_0_1,-23.682835,-381.71783841719326,0.0034045797492562244
DQRVWGKCDJKPAQ_46_0_0,-23.712096,-381.7349705153507,0.004373438070678983
DQRVWGKCDJKPAQ_46_0_1,-23.747022,-381.768660181839,0.0020486972521962976
DQRVWGKCDJKPAQ_46_0_2,-23.726675,-381.75673987469963,0.0027493776264932764
GUPGZURVZDIQPM_14_2_0,-23.72446,-381.7512672751568,0.0007310082286989898
GUPGZURVZDIQPM_14_2_3,-23.734532,-381.76357598101225,0.0030367214766006075
GUPGZURVZDIQPM_15_0_2,-23.683056,-381.73116891457,0.004229579058660756
GUPGZURVZDIQPM_16_0_0,-23.697813,-381.75586349221805,0.004128109114272461
GUPGZURVZDIQPM_16_0_3,-23.71047,-381.7491222078987,0.0029714818006076307
GUPGZURVZDIQPM_24_0_1,-23.703666,-381.74884649229944,0.0031846891157521337
GUPGZURVZDIQPM_24_0_2,-23.703413,-381.74431421076287,0.0038965512662432985
GUPGZURVZDIQPM_27_0_0,-23.700851,-381.7132714248058,0.0006062316339961929
GUPGZURVZDIQPM_34_0_0,-23.682906000000003,-381.71742352245735,0.002904854585660167
GUPGZURVZDIQPM_34_0_2,-23.686314,-381.7185472687427,0.002765832498689103
GUPGZURVZDIQPM_35_0_0,-23.649862,-381.68085652205775,0.0039793776401211576
GUPGZURVZDIQPM_38_0_1,-23.676899,-381.6735105416827,0.004155291519649018
GUPGZURVZDIQPM_40_0_3,-23.730279,-381.7493421057702,0.004206647623016033
GUPGZURVZDIQPM_4_0_1,-23.663454,-381.6931046168305,0.003148604712717464
GUPGZURVZDIQPM_5_1_0,-23.686912,-381.7066234653637,0.0034019943167361948
GUPGZURVZDIQPM_7_0_0,-23.712804,-381.7173585301035,0.0026869610641228683
GUPGZURVZDIQPM_7_0_1,-23.709618,-381.7211615954284,0.0020821665510746506
RUOJZAUFBMNUDX_10_0_0,-23.70085,-381.7132699280616,0.0006062390589574593
RUOJZAUFBMNUDX_17_0_0,-23.735591,-381.7637243117963,0.0018890408896872861
RUOJZAUFBMNUDX_17_1_0,-23.727982,-381.75545241972895,0.00451078319290827
RUOJZAUFBMNUDX_18_0_0,-23.72212,-381.75027800697853,0.003951045313114683
RUOJZAUFBMNUDX_18_0_1,-23.738189,-381.7695859979396,0.002374980049178719
RUOJZAUFBMNUDX_23_0_0,-23.722878,-381.7345850087216,0.004360987779602929
RUOJZAUFBMNUDX_31_0_0,-23.716818,-381.73042172054465,0.006029667870353024
RUOJZAUFBMNUDX_31_0_1,-23.715948,-381.7301869983738,0.00564932278043679
RUOJZAUFBMNUDX_7_0_0,-23.731372,-381.7654518386823,0.002586349202749627
RUOJZAUFBMNUDX_8_0_0,-23.670985,-381.674914038903,0.004795361663880289
WNVAJGCMEDTLIE_10_0_3,-23.698579,-381.7386041528698,0.003508813264986407
WNVAJGCMEDTLIE_13_0_0,-23.721341,-381.7653543654264,0.0045983972225232435
WNVAJGCMEDTLIE_13_1_1,-23.733986,-381.7629284353031,0.001313276997858019
WNVAJGCMEDTLIE_15_0_0,-23.658319,-381.68482076829036,0.0015916618264511385
WNVAJGCMEDTLIE_16_0_0,-23.663382,-381.7265808265303,0.001987829091862311
WNVAJGCMEDTLIE_26_0_0,-23.705701,-381.72590833601953,0.00310347264033288
WNVAJGCMEDTLIE_29_0_2,-23.693922,-381.74715114293343,0.0015299908920606987
WNVAJGCMEDTLIE_2_0_3,-23.67128,-381.7083440451655,0.0023793579948901845
WNVAJGCMEDTLIE_38_0_0,-23.722879,-381.7345851204727,0.0043606007054076195
WNVAJGCMEDTLIE_4_1_1,-23.680589,-381.7254884639081,0.0020396171080825803
WNVAJGCMEDTLIE_4_1_3,-23.70152,-381.73236071925686,0.0025715787940444336
WNVAJGCMEDTLIE_6_0_0,-23.706532,-381.718211724288,0.0026934392125123148
XNWRZCQKQJHEGJ_10_0_1,-23.722574,-381.75299834763473,0.004100464493464929
XNWRZCQKQJHEGJ_12_0_1,-23.666173,-381.68581650238986,0.006498045945451906
XNWRZCQKQJHEGJ_12_1_1,-23.664381,-381.72501122088335,0.004417133662385945
XNWRZCQKQJHEGJ_15_0_1,-23.685459,-381.7244893817329,0.006254289240616742
XNWRZCQKQJHEGJ_15_0_3,-23.682549,-381.7257689856367,0.005739729046964521
XNWRZCQKQJHEGJ_16_0_0,-23.68458,-381.7490640268286,0.0036246749642660525
XNWRZCQKQJHEGJ_16_0_2,-23.714417,-381.77408401151183,0.002444825422545688
XNWRZCQKQJHEGJ_16_0_3,-23.686383,-381.74847000496777,0.004000846489909228
XNWRZCQKQJHEGJ_18_0_0,-23.658626,-381.68690087969617,0.004256961372558886
XNWRZCQKQJHEGJ_18_0_2,-23.658114,-381.689506908444,0.004152963112268115
XNWRZCQKQJHEGJ_22_0_1,-23.711651,-381.75612663751446,0.003515924397551599
XNWRZCQKQJHEGJ_22_0_2,-23.705499,-381.749272438745,0.0036819301439039304
XNWRZCQKQJHEGJ_22_0_3,-23.695539,-381.74975912195765,0.0024202131774953045
XNWRZCQKQJHEGJ_29_0_2,-23.68747,-381.73444395135726,0.003208716960608697
XNWRZCQKQJHEGJ_37_0_2,-23.661997,-381.69784884233803,0.003784862500506198
XNWRZCQKQJHEGJ_40_0_0,-23.675131,-381.7430488889476,0.004040842643293127
XNWRZCQKQJHEGJ_40_0_2,-23.667816,-381.74333604532035,0.001767873926543929
XNWRZCQKQJHEGJ_40_0_3,-23.726851,-381.7573998591183,0.00420312905015029
XNWRZCQKQJHEGJ_44_0_1,-23.720673,-381.74090113891367,0.0050742629546811704
XNWRZCQKQJHEGJ_45_0_0,-23.667384,-381.7083259557762,0.004962226844617269
XNWRZCQKQJHEGJ_45_0_1,-23.667591,-381.70947898928944,0.004346232830714143
XNWRZCQKQJHEGJ_46_0_0,-23.716818,-381.7304211147775,0.006029426238393651
YFHICDDUDORKJB_10_0_0,-23.712096,-381.73497147589353,0.004373396359781511
YFHICDDUDORKJB_12_0_0,-23.723192,-381.74609146222286,0.003898511324483453
YFHICDDUDORKJB_14_0_1,-23.685319,-381.6695521207109,0.00545358608006084
ZTQSAGDEMFDKMZ_10_0_0,-16.536679,-232.40286118107613,0.002322672483885285
ZTQSAGDEMFDKMZ_13_0_1,-16.580205,-232.4427191076278,0.0006534219331479699
ZTQSAGDEMFDKMZ_13_0_3,-16.570556,-232.43887907560836,0.001552650673296793
ZTQSAGDEMFDKMZ_21_0_0,-16.557604,-232.40856954879564,0.0014067770567650203
ZTQSAGDEMFDKMZ_2_0_1,-16.541634000000002,-232.4178461029664,0.0006311514402939039
ZTQSAGDEMFDKMZ_2_0_3,-16.538241,-232.41445399418387,0.0014598187513749992
ZTQSAGDEMFDKMZ_5_0_0,-16.494149999999998,-232.3446127200542,0.001261641208706036
ZTQSAGDEMFDKMZ_5_0_2,-16.49501,-232.34464845929597,0.0004863535267646887
ZTQSAGDEMFDKMZ_5_1_1,-16.556487999999998,-232.4072998932019,0.0005094422603532716
ZTQSAGDEMFDKMZ_7_0_0,-16.562275,-232.40707854227125,0.0007127827820759286
ZTQSAGDEMFDKMZ_7_0_1,-16.55495,-232.40613328520328,0.0023728764767997276
ZTQSAGDEMFDKMZ_7_0_3,-16.468571999999998,-232.3382546759493,0.0010286513040181854
ZTQSAGDEMFDKMZ_9_0_0,-16.559142,-232.4208829809609,0.0009858797966616649
ZTQSAGDEMFDKMZ_9_0_1,-16.558033,-232.41937817620084,0.0018736740433702825
ZTQSAGDEMFDKMZ_9_0_2,-16.559728,-232.42100083775713,0.001097427289016702
GMSHJLUJOABYOM_14_0_0,-16.405179,-267.10523847092855,0.0027207153094583477
GMSHJLUJOABYOM_3_0_0,-16.447848,-267.1504619711131,0.0009615717533498934
GMSHJLUJOABYOM_4_0_0,-16.449323,-267.155999127306,0.003683597836706797
MRPPZOFPHFPLIZ_11_0_3,-16.407769,-267.10394047601517,0.002082490020658465
MRPPZOFPHFPLIZ_13_0_1,-16.409594000000002,-267.09282506263844,0.003930411017841275
MRPPZOFPHFPLIZ_14_0_0,-16.438305999999997,-267.1225128524317,0.011329360635123582
MRPPZOFPHFPLIZ_1_0_0,-16.450697,-267.1439484973202,0.0029588972860929695
MRPPZOFPHFPLIZ_4_0_0,-16.469566,-267.16583554399125,0.0007742017853414755
MRPPZOFPHFPLIZ_4_0_1,-16.461736,-267.16191575508077,0.0011545261301941895
MRPPZOFPHFPLIZ_5_1_0,-16.437729,-267.1110011236519,0.0006646606447626809
MRPPZOFPHFPLIZ_5_1_2,-16.433176,-267.11100261834343,0.0015041291336186176
MRPPZOFPHFPLIZ_8_1_0,-16.436708000000003,-267.1110289000894,0.0004694813415206511
MRPPZOFPHFPLIZ_9_0_1,-16.440309,-267.1382658159192,0.001931285156286728
MRPPZOFPHFPLIZ_9_0_2,-16.447848,-267.150498232565,0.0009758128351188999
VEZXCJBBBCKRPI_12_0_0,-16.438307,-267.1225134896816,0.011328954994341528
VEZXCJBBBCKRPI_4_0_0,-16.498235,-267.19755645651975,0.000588359077731788
WSMYVTOQOOLQHP_1_0_0,-16.427061,-267.1326931424067,0.0026453435731918105
WSMYVTOQOOLQHP_2_0_0,-16.482215,-267.17544188386154,0.0006839908429475499
WSMYVTOQOOLQHP_2_0_2,-16.476724,-267.1653062723022,0.0007811015167212898
WSMYVTOQOOLQHP_6_0_0,-16.446884,-267.1555630881337,0.002235501746117601
WSMYVTOQOOLQHP_6_0_1,-16.448207,-267.15413301495875,0.002952758134385631
WSMYVTOQOOLQHP_6_0_2,-16.447371,-267.1527990363706,0.002120162742509222
WSMYVTOQOOLQHP_9_0_0,-16.456106000000002,-267.1448887671932,0.0007798394296316199
GZNRTVUHAJEUPG_13_0_0,-23.796449,-347.00294371076905,0.001615995338954376
GZNRTVUHAJEUPG_13_0_1,-23.798171,-347.00323928087386,0.002444793478128423
GZNRTVUHAJEUPG_14_0_0,-23.789828,-347.0031955717749,0.0017069321846416847
GZNRTVUHAJEUPG_14_0_1,-23.790681,-347.00411848895453,0.001123676026678626
GZNRTVUHAJEUPG_14_0_2,-23.784682,-346.9986525739799,0.0017717620742561603
GZNRTVUHAJEUPG_16_0_1,-23.795188,-347.0032806749157,0.0016855174987896614
GZNRTVUHAJEUPG_16_1_3,-23.79293,-346.99548972259913,0.00223204795687099
GZNRTVUHAJEUPG_18_0_2,-23.787278,-346.9819449951547,0.0024660459351593857
GZNRTVUHAJEUPG_20_0_3,-23.727422,-346.9115089673877,0.007013874570796032
GZNRTVUHAJEUPG_25_0_0,-23.761044,-346.9496571795589,0.003011430392873719
GZNRTVUHAJEUPG_2_1_3,-23.780943,-346.97960838817295,0.002930394704878103
GZNRTVUHAJEUPG_30_0_0,-23.787439,-346.9987013605761,0.001061458550833451
GZNRTVUHAJEUPG_30_0_3,-23.787632,-346.9988802096534,0.001358463185888464
GZNRTVUHAJEUPG_33_0_0,-23.751624000000003,-346.9255410311601,0.004593298222997706
GZNRTVUHAJEUPG_37_0_1,-23.658992,-346.8456679014782,0.004942054659249349
GZNRTVUHAJEUPG_38_0_2,-23.756463,-346.94383964103974,0.002760167727131129
GZNRTVUHAJEUPG_38_0_3,-23.757334,-346.9436399568685,0.0023833215790574043
GZNRTVUHAJEUPG_40_0_0,-23.852305,-347.0479281821794,0.0014690831663007836
GZNRTVUHAJEUPG_4_1_0,-23.748562,-346.93855640328917,0.005618975494028459
GZNRTVUHAJEUPG_5_0_1,-23.652967,-346.8646457342937,0.00231635605208187
GZNRTVUHAJEUPG_6_0_0,-23.771684,-346.96452862534125,0.0032891343631435413
GZNRTVUHAJEUPG_6_0_1,-23.727976,-346.91763941881317,0.0022961107404067824
GZNRTVUHAJEUPG_6_0_2,-23.729326,-346.9198675972113,0.002581035931745214
GZNRTVUHAJEUPG_6_0_3,-23.745389,-346.9243148234319,0.001441660127358005
NQPDZGIKBAWPEJ_12_0_0,-23.816894,-347.0038338345123,0.0036350730132145535
NQPDZGIKBAWPEJ_12_0_3,-23.809546,-347.0215772591549,0.002549452171256487
NQPDZGIKBAWPEJ_17_0_1,-23.839439,-347.05503720144907,0.002351019568798551
NQPDZGIKBAWPEJ_17_0_2,-23.837768,-347.0494819976588,0.0019018438137930163
NQPDZGIKBAWPEJ_33_0_0,-23.832662,-347.041674355376,0.002496864015611823
NQPDZGIKBAWPEJ_34_0_3,-23.774604,-346.9902463885725,0.004374685687720712
NQPDZGIKBAWPEJ_54_0_3,-23.836506,-347.04601785603626,0.00151572826589814
NQPDZGIKBAWPEJ_56_0_1,-23.828779,-347.03839846861354,0.0013530228931238003
PPDZRFISKQZISE_16_0_0,-23.699661000000003,-346.9058137613085,0.003920279800964248
PPDZRFISKQZISE_19_0_1,-23.817542,-347.0253274896896,0.0030984610159629704
PPDZRFISKQZISE_23_0_1,-23.778427,-346.972916000435,0.002960947416190185
PPDZRFISKQZISE_23_0_2,-23.783035,-346.97568158861793,0.002470151406180907
PPDZRFISKQZISE_2_0_0,-23.769342,-346.96026394492696,0.0030249826913540247
PPDZRFISKQZISE_30_0_0,-23.794441,-347.00575909633227,0.0024569328850433192
PPDZRFISKQZISE_30_0_2,-23.78426,-347.00446269070056,0.0017128691544366953
PPDZRFISKQZISE_32_0_2,-23.789517,-347.00352878308297,0.0016724103271573505
PPDZRFISKQZISE_32_1_0,-23.838504,-347.04318224193185,0.0007238367709570717
PPDZRFISKQZISE_35_0_3,-23.729219,-346.89232932169034,0.003216041600083085
PPDZRFISKQZISE_38_0_2,-23.662702,-346.85609000648697,0.003279502590332567
PPDZRFISKQZISE_3_1_0,-23.792755,-347.010606340957,0.0010680700510140712
PPDZRFISKQZISE_52_0_0,-23.834458,-347.0394430757001,0.00218021714188419
PPDZRFISKQZISE_52_0_2,-23.825483,-347.0301723935884,0.0016773806720940113
PPDZRFISKQZISE_9_0_3,-23.664669,-346.85727213176784,0.0029893855131522627
UNDVYEZBHTWISS_10_0_0,-23.80677,-347.00965236847844,0.0012479179826207984
UNDVYEZBHTWISS_13_0_0,-23.753079,-346.9583549643528,0.0006425625600699111
UNDVYEZBHTWISS_15_0_0,-23.737802,-346.9379160324399,0.0038278992734631064
UNDVYEZBHTWISS_15_0_2,-23.741592,-346.9435945035716,0.004985980281908873
UNDVYEZBHTWISS_17_0_2,-23.806935,-347.0032681456762,0.0030082134175001274
UNDVYEZBHTWISS_19_0_0,-23.843193000000003,-347.0366162018073,0.002369176815179716
UNDVYEZBHTWISS_19_1_1,-23.790788,-346.98426780555616,0.002215534986026929
UNDVYEZBHTWISS_22_0_0,-23.743913,-346.9536346931987,0.0025927204667677683
UNDVYEZBHTWISS_22_0_2,-23.746976,-346.95671275047283,0.00303769778858927
UNDVYEZBHTWISS_27_0_0,-23.786159,-346.9731845187503,0.003775501718952688
UNDVYEZBHTWISS_4_1_0,-23.709628,-346.9055149224298,0.005028893234538521
UUIQMZJEGPQKFD_10_0_0,-23.822944,-347.00195646285766,0.0007109451907220977
UUIQMZJEGPQKFD_10_0_1,-23.822034,-347.00024819083046,0.0009884765654030018
UUIQMZJEGPQKFD_16_0_0,-23.791135,-346.99707448581955,0.0030881295076741386
UUIQMZJEGPQKFD_17_0_1,-23.771432,-346.95645061679835,0.003719641051003721
UUIQMZJEGPQKFD_21_0_2,-23.783717,-346.99419688046197,0.0027982344564884028
UUIQMZJEGPQKFD_22_0_0,-23.824907000000003,-347.0388169334716,0.001440774145846156
UUIQMZJEGPQKFD_23_0_2,-23.749198000000003,-346.95989464951646,0.001947511725324802
UUIQMZJEGPQKFD_24_0_0,-23.828916,-347.0359240757956,0.0030320461464864606
UUIQMZJEGPQKFD_24_0_3,-23.833407,-347.03824324069024,0.002379657804595349
UUIQMZJEGPQKFD_25_0_0,-23.7973,-346.9955230789261,0.0013593008381923776
UUIQMZJEGPQKFD_25_0_1,-23.799439,-346.99698136640876,0.00193110331959977
UUIQMZJEGPQKFD_25_0_2,-23.797422,-346.9950146284911,0.0010510517336454017
UUIQMZJEGPQKFD_25_0_3,-23.801557,-346.9992980461521,0.0016126404467194388
UUIQMZJEGPQKFD_2_0_0,-23.821955,-347.02236857959855,0.0016181693149789314
UUIQMZJEGPQKFD_2_1_0,-23.790001,-346.9699108480959,0.005066547581745983
UUIQMZJEGPQKFD_2_1_2,-23.788575,-346.97054340527234,0.004888103591816686
UUIQMZJEGPQKFD_43_0_0,-23.827762000000003,-347.03292434649114,0.0020174078782876164
UUIQMZJEGPQKFD_43_0_1,-23.827669,-347.0335559436267,0.0012029269002290016
UUIQMZJEGPQKFD_43_0_3,-23.827778,-347.03393487967514,0.0013223503517163138
UUIQMZJEGPQKFD_46_0_0,-23.815707,-347.01728603172074,0.0013617808894268637
UUIQMZJEGPQKFD_47_0_1,-23.785197,-346.98127980779793,0.0029750547916788978
UUIQMZJEGPQKFD_48_0_0,-23.806771,-347.00964906914425,0.0012469682027831921
UUIQMZJEGPQKFD_48_0_1,-23.843462,-347.0498317668025,0.002015695742866555
UUIQMZJEGPQKFD_49_0_0,-23.759561,-346.9532673046615,0.0018479968407771716
UUIQMZJEGPQKFD_4_1_1,-23.806578,-347.0093267518615,0.0036182203947982736
UUIQMZJEGPQKFD_5_0_0,-23.781151,-346.99157953071125,0.004354828953631931
UUIQMZJEGPQKFD_5_0_2,-23.779490000000003,-346.9909588691916,0.006600444096989341
UUIQMZJEGPQKFD_5_1_0,-23.792934,-346.97598002255813,0.002124390304658304
UUIQMZJEGPQKFD_7_0_1,-23.748514,-346.9629259846751,0.0007344852365081835
UUIQMZJEGPQKFD_8_0_0,-23.790681,-347.00411850129456,0.0011237270324424707
UUIQMZJEGPQKFD_8_0_1,-23.789828,-347.0031959129882,0.0017069953023526872
HGINCPLSRVDWNT_1_0_0,-12.347638,-191.85995088632296,0.0024364949829593797
HGINCPLSRVDWNT_1_0_1,-12.330035,-191.84811516813048,0.0013568714117122335
HGINCPLSRVDWNT_6_0_1,-12.370687,-191.87226149087746,0.0002157920291463132
IEZWOVIWXFLQTP_1_0_0,-14.253850000000002,-228.97593181935133,0.0007261755684241032
IEZWOVIWXFLQTP_3_0_0,-14.227649,-228.93202078793365,0.003221448292035209
IEZWOVIWXFLQTP_9_0_1,-14.196508,-228.90112287936557,0.0005506656838205537
TZIHFWKZFHZASV_2_0_1,-14.276406,-228.96512839758498,0.0006150713754754502
TZIHFWKZFHZASV_3_0_0,-14.29911,-229.02565780981834,0.000511114711042818
TZIHFWKZFHZASV_9_0_1,-14.314425,-229.0453149145341,0.0006000065083705688
WGCNASOHLSPBMP_1_0_1,-14.286745,-229.00268682300617,0.0012006731449416205
WGCNASOHLSPBMP_1_0_2,-14.295924,-229.006117245241,0.0007713387946127057
WGCNASOHLSPBMP_5_0_1,-14.279442,-229.01316878293383,0.0006031520349951195
WGCNASOHLSPBMP_5_1_0,-14.319502,-229.02984729302273,0.0020020985371217207
WGCNASOHLSPBMP_5_1_1,-14.32713,-229.04474648628167,0.0004933377686347649
WGCNASOHLSPBMP_5_1_3,-14.317481,-229.02542282018146,0.0013043568052815036
WGCNASOHLSPBMP_5_2_0,-14.335182,-229.04359158672347,0.0023969669313447764
WGCNASOHLSPBMP_6_0_0,-14.28623,-229.00486804248862,0.0006971123169338899
WGCNASOHLSPBMP_7_0_0,-14.275649,-228.9953756008938,0.004705114397512371
WGCNASOHLSPBMP_7_0_1,-14.253478,-228.97917052210673,0.00041666670211073543
WGCNASOHLSPBMP_8_0_0,-14.309303000000002,-229.02347490260257,0.000586455063707945
WGCNASOHLSPBMP_8_0_1,-14.306556,-229.02213935042795,0.000719914235579197
WGCNASOHLSPBMP_8_0_3,-14.315393,-229.029557326177,0.003052919105454951
IAQRG-KFSLW_15_0_0,-30.996979000000003,-461.54450192932245,0.0010617684470606457
IAQRG-KFSLW_15_0_1,-30.997096000000003,-461.5464831853687,0.0020971690423040056
IAQRG-KFSLW_16_0_1,-30.966423,-461.52177422839503,0.002108094337824268
IAQRG-KFSLW_16_0_2,-30.973602,-461.5231176190009,0.0017318219884391824
IAQRG-KFSLW_17_0_1,-30.939616,-461.4885979078357,0.002202677654207987
IAQRG-KFSLW_20_0_0,-30.934039,-461.4922112490606,0.0021682475489432614
IAQRG-KFSLW_22_0_0,-30.980668,-461.53003032982434,0.0019309794315219508
IAQRG-KFSLW_22_0_2,-30.990489,-461.53503461823516,0.002730667241471664
IAQRG-KFSLW_23_0_0,-30.960123,-461.5100807364535,0.002948985294920171
IAQRG-KFSLW_23_0_1,-30.946678,-461.4946228924307,0.0032120421932991952
IAQRG-KFSLW_23_0_3,-30.989482,-461.548690633611,0.002567349252543179
IAQRG-KFSLW_24_0_1,-30.927917,-461.4705159340292,0.0034369250624190924
IAQRG-KFSLW_24_0_3,-30.974870000000003,-461.5160577935985,0.002752425627139609
IAQRG-KFSLW_33_0_0,-30.927286,-461.4830089237165,0.0014357951771370892
IAQRG-KFSLW_35_0_0,-31.006752,-461.5627568563639,0.0014509537882992842
IAQRG-KFSLW_3_1_2,-30.950507,-461.50772809013006,0.001640534725860338
IAQRG-KFSLW_4_0_0,-31.016432,-461.5549008101476,0.0012431505064625704
IAQRG-KFSLW_4_0_1,-30.959634,-461.4881740702851,0.002501730886675404
IAQRG-KFSLW_4_0_3,-30.965347,-461.49376436603296,0.001707434300268439
IAQRG-KFSLW_6_0_1,-30.926977,-461.46733662099444,0.00323760642882899
IAQRG-KFSLW_8_0_1,-30.918789,-461.47067457866495,0.003435799345957501
IAQRG-KFSLW_9_0_2,-30.969666,-461.5200216037438,0.005493204488790842
IKHGUXGNUITLKF_1_0_0,-10.229229,-153.75963429911718,0.0006740398966239795
IKHGUXGNUITLKF_2_0_0,-10.249403,-153.78296840833679,0.0007138786227804736
MEUKEBNAABNAEX_2_0_0,-12.135108,-190.85102694984175,0.0014379205139795537
IMROM-WSFSS_11_0_3,-17.428217999999998,-268.3068407053575,0.003380130949619589
IMROM-WSFSS_14_0_3,-17.435454,-268.3134693284975,0.0027663424892462427
IMROM-WSFSS_16_0_0,-17.444644,-268.32946554021817,0.002084988110679156
IMROM-WSFSS_16_0_3,-17.442498,-268.32675794711776,0.001835261881757227
IMROM-WSFSS_1_0_0,-17.448178,-268.32264204930283,0.0031331751358773655
IMROM-WSFSS_2_0_0,-17.476783,-268.36116094242834,0.0008275327052511398
IMROM-WSFSS_3_0_0,-17.477973000000002,-268.34498831144407,0.0007872245372827854
IMROM-WSFSS_4_0_2,-17.466793,-268.36270931206764,0.0033489370259941593
IMROM-WSFSS_4_0_3,-17.491473,-268.36011738840034,0.0005465550684678372
IMROM-WSFSS_5_0_0,-17.39642,-268.26308585587276,0.0005224187845332177
IMROM-WSFSS_6_0_0,-17.425337,-268.3079896138078,0.0029426476526529643
IMROM-WSFSS_6_1_1,-17.485041,-268.3732383344911,0.0013570192892497137
IMROM-WSFSS_7_0_3,-17.410567999999998,-268.3058637185762,0.003783368600336706
IMROM-WSFSS_8_0_1,-17.423579,-268.3081160906134,0.0017580886739975517
IMROM-WSFSS_8_0_3,-17.432523,-268.31618850434927,0.0011594067569301652
IMROM-WSFSS_9_0_1,-17.42354,-268.30698310085137,0.006467842613261361
JSEMCPMTAXQTJN_12_0_0,-15.546166,-231.21356543139484,0.003970991852946947
JSEMCPMTAXQTJN_15_0_0,-15.517426,-231.17426024559185,0.00402947794086066
JSEMCPMTAXQTJN_1_0_0,-15.51775,-231.19051545968136,0.000634334656834127
JSEMCPMTAXQTJN_2_0_0,-15.499933,-231.1697329373334,0.0009094948796373241
JSEMCPMTAXQTJN_2_1_0,-15.546857,-231.20319065481854,0.001033019135712554
JSEMCPMTAXQTJN_2_1_1,-15.546329,-231.20116022079395,0.0005898583132663883
JSEMCPMTAXQTJN_9_0_0,-15.546141,-231.21289654098558,0.00041301611135073234
JSEMCPMTAXQTJN_9_0_3,-15.541142,-231.20607997266387,0.0005446177177304864
SHQSVMDWKBRBGB_10_0_1,-15.526445,-231.18419322787145,0.00409468817441591
SHQSVMDWKBRBGB_2_1_0,-15.510077,-231.14538374570003,0.003902339065404622
SHQSVMDWKBRBGB_5_0_0,-15.497315,-231.1736488223588,0.004318711900899571
ZDNJYCQSGYLNJQ_14_0_0,-17.504207,-268.3799556338223,0.002487420541674567
ZDNJYCQSGYLNJQ_14_0_1,-17.498963,-268.3741837456933,0.0024941605898277236
ZDNJYCQSGYLNJQ_2_0_0,-17.453274,-268.3448917467405,0.0016658178731595674
ZDNJYCQSGYLNJQ_2_0_1,-17.458999,-268.35020258258567,0.0026034704848782388
ZDNJYCQSGYLNJQ_4_0_2,-17.458045000000002,-268.3414761163597,0.0008252276132435756
ZDNJYCQSGYLNJQ_4_1_0,-17.508416999999998,-268.38387080328863,0.0008338143524690439
ZDNJYCQSGYLNJQ_8_0_1,-17.44122,-268.31510610625253,0.0004199254650592172
ZDNJYCQSGYLNJQ_9_0_1,-17.447002,-268.3022098642611,0.001401866968877429
KAKZB-VGGSQ_1_0_1,-17.759055999999998,-234.56234469718584,0.0016039303832794383
KAKZB-VGGSQ_1_0_2,-17.760951000000002,-234.56351685541873,0.000648612063622379
KAKZB-VGGSQ_1_1_0,-17.764107,-234.5835014294843,0.001966664514349334
KAKZB-VGGSQ_4_0_0,-17.795952,-234.6084986161663,0.0013097580928297652
KAKZB-VGGSQ_4_0_2,-17.699891,-234.5321813155139,0.003748576342610093
KAKZB-VGGSQ_5_0_0,-17.661293,-234.48071309289276,0.0031103728721560654
KAKZB-VGGSQ_5_0_3,-17.659131000000002,-234.47588603400845,0.0036012917724650975
KAKZB-VGGSQ_6_0_2,-17.695051,-234.52906993356575,0.0029644684763467373
KAKZB-VGGSQ_7_0_3,-17.812259,-234.64391871845382,0.0010283447079447742
XLYOF-ZEXFA_10_0_1,-21.612366,-308.85353100910766,0.002986731902794567
XLYOF-ZEXFA_5_0_0,-21.596187,-308.83596598580647,0.004115220009369083
XLYOF-ZEXFA_5_0_1,-21.59425,-308.83506626384445,0.004308378930283856
XLYOF-ZEXFA_7_0_0,-21.69062,-308.9372526761192,0.0009159441130737696
XLYOF-ZEXFA_8_0_1,-21.667537,-308.90332548976335,0.003025705813090772
XLYOF-ZEXFA_8_0_2,-21.669573,-308.91110214639724,0.0005832388158619859
SCKXCAADGDQQCS_3_1_0,-15.185256,-264.91036670270177,0.002088311802812997
SCKXCAADGDQQCS_3_1_3,-15.175495,-264.8947004848614,0.006007040418796161
SCKXCAADGDQQCS_6_0_0,-15.172957,-264.8856186804939,0.0005331052162346006
VQTUB-XLYOF_2_0_0,-17.539816000000002,-233.59581145815264,0.001424141169704548
VQTUB-XLYOF_2_0_2,-17.536456,-233.59234429953693,0.001405874801638802
VQTUB-XLYOF_4_0_0,-17.616448000000002,-233.6766796658455,0.0004656455850886741
VQTUB-XLYOF_5_0_0,-17.604107,-233.65954745421763,0.00030063688613236867
VQTUB-XLYOF_6_0_0,-17.543356000000003,-233.5925164589019,0.0053694166898232264
VQTUB-XLYOF_6_0_2,-17.557874,-233.60184222466285,0.00220765337987666
VQTUB-XLYOF_6_0_3,-17.538543999999998,-233.5946694377221,0.004763144848734926
